Produkt,Pris
Ãkologiske solsikkefrÃ¸ for Microgreens (50 gram),"29,00"
Ãkologiske solsikkefrÃ¸ for Microgreens (250 gram),"89,00"
Ãkologiske solsikkefrÃ¸ for Microgreens (1kg),"239,00"
Erter Microgreens-frÃ¸ (50 gram),"29,00"
Erter Microgreens-frÃ¸ (250 gram),"89,00"
Erter Microgreens-frÃ¸ (1kg),"239,00"
Karse Microgreens-frÃ¸ (50 gram),"39,00"
Karse Microgreens-frÃ¸ (250 gram),"119,00"
Karse Microgreens-frÃ¸ (1kg),"319,00"
RÃ¸dbete Â´DetroitÂ´ - Microgreens-frÃ¸ (50 gram),"49,00"
RÃ¸dbete Â´DetroitÂ´ - Microgreens-frÃ¸ (250 gram),"149,00"
RÃ¸dbete Â´DetroitÂ´ - Microgreens-frÃ¸ (1kg),"399,00"
Bladpersille Microgreens-frÃ¸ (50 gram),"49,00"
Bladpersille Microgreens-frÃ¸ (250 gram),"149,00"
Bladpersille Microgreens-frÃ¸ (1kg),"399,00"
Fennikel Microgreens-frÃ¸ (50 gram),"59,00"
Fennikel Microgreens-frÃ¸ (250 gram),"179,00"
Fennikel Microgreens-frÃ¸ (1kg),"479,00"
Koriander Microgreens-frÃ¸ (50 gram),"49,00"
Koriander Microgreens-frÃ¸ (250 gram),"149,00"
Koriander Microgreens-frÃ¸ (1kg),"399,00"
Reddik Daikon microgreens-frÃ¸ (50 gram),"49,00"
Reddik Daikon microgreens-frÃ¸ (250 gram),"149,00"
Reddik Daikon microgreens-frÃ¸ (1kg),"399,00"
Reddik Â´China roseÂ´ Ãkologisk Microgreens-frÃ¸ (50 gram),"59,00"
Reddik Â´China roseÂ´ Ãkologisk Microgreens-frÃ¸ (250 gram),"179,00"
Reddik Â´China roseÂ´ Ãkologisk Microgreens-frÃ¸ (1kg),"479,00"
Reddik Â´RamboÂ´ Microgreens-frÃ¸ (50 gram),"59,00"
Reddik Â´RamboÂ´ Microgreens-frÃ¸ (250 gram),"179,00"
Reddik Â´RamboÂ´ Microgreens-frÃ¸ (1kg),"479,00"
"Sennep rÃ¸d, Microgreens-frÃ¸ (50 gram)","59,00"
"Sennep rÃ¸d, Microgreens-frÃ¸ (250 gram)","179,00"
"Sennep rÃ¸d, Microgreens-frÃ¸ (1kg)","479,00"
Brokkoli calabrese Microgreens-frÃ¸ (50 gram),"59,00"
Brokkoli calabrese Microgreens-frÃ¸ (250 gram),"179,00"
Brokkoli calabrese Microgreens-frÃ¸ (1kg),"479,00"
Mizuna GrÃ¸nn Microgreens-frÃ¸ (50 gram),"59,00"
Mizuna GrÃ¸nn Microgreens-frÃ¸ (250 gram),"179,00"
Mizuna GrÃ¸nn Microgreens-frÃ¸ (1kg),"479,00"
RÃ¸dkÃ¥l Russian Microgreens-frÃ¸ (50 gram),"69,00"
RÃ¸dkÃ¥l Russian Microgreens-frÃ¸ (250 gram),"209,00"
RÃ¸dkÃ¥l Russian Microgreens-frÃ¸ (1kg),"559,00"
Tatsoi Microgreens-frÃ¸ (50 gram),"59,00"
Tatsoi Microgreens-frÃ¸ (250 gram),"179,00"
Tatsoi Microgreens-frÃ¸ (1kg),"479,00"
"Basilikum rÃ¸d, Microgreens-frÃ¸ (50 gram)","79,00"
"Basilikum rÃ¸d, Microgreens-frÃ¸ (250 gram)","239,00"
"Basilikum rÃ¸d, Microgreens-frÃ¸ (1kg)","639,00"
Ruccola Microgreens-frÃ¸ (50 gram),"49,00"
Ruccola Microgreens-frÃ¸ (250 gram),"149,00"
Ruccola Microgreens-frÃ¸ (1kg),"399,00"
"Pak Choi, Microgreens-frÃ¸ (50 gram)","59,00"
"Pak Choi, Microgreens-frÃ¸ (250 gram)","179,00"
"Pak Choi, Microgreens-frÃ¸ (1kg)","479,00"
"Selleri, Microgreens-frÃ¸ (50 gram)","69,00"
"Selleri, Microgreens-frÃ¸ (250 gram)","209,00"
"Selleri, Microgreens-frÃ¸ (1kg)","559,00"
"GrÃ¸nnkÃ¥l, Microgreens-frÃ¸ (50 gram)","79,00"
"GrÃ¸nnkÃ¥l, Microgreens-frÃ¸ (250 gram)","239,00"
"GrÃ¸nnkÃ¥l, Microgreens-frÃ¸ (1kg)","639,00"
